id,type
62d6457e-02ab-49b0-8952-a1ed5bd8d056,default
ffd57abe-a891-4f59-a66b-2ad3de0f809c,default
1bfced14-16ad-44df-b73f-5106353972d0,default
ab83c808-7c70-463c-9a69-9c875dd2c93e,default
1a5c9c42-451e-41d4-b04c-5f069955ca71,default
b8764f2b-c649-4991-b160-fd9c9b8c258b,default
8282ae4f-0410-4e77-a2f8-735d3ac442db,default
b659c6aa-37ad-4cb9-bf76-7e6669c04fed,default
b6eb78c8-3c62-427e-87a8-e16615f9683d,default
ddcce957-a360-47e1-af82-f9c3c1525298,default
daf071e6-2394-4ac9-b5a1-97a433d49160,default
ac523cc0-cb98-4061-a6b1-508cf636e816,default
690b6b04-688f-4249-904c-f310f2785217,default
3a7a8e99-6ce3-4e14-9ad1-3085f22905d9,default
afa35730-18eb-4cff-9031-bcd88bcf67ac,default
0c83003d-c6c4-458d-9f29-7afa8eed045a,default
db10e9b3-6ce6-4fda-b2c3-0b6a8e419b91,default
94504ff0-d0a0-4b64-9d34-2210dce715db,default
2a3a4ff5-35ed-438f-87a9-fee1e597fca3,default
83aea028-dcd5-42da-b17e-677fcc398d71,default
cd47655d-2330-4910-bf6a-9b3d55d0b2ce,default
c19e7465-a528-409d-a6e3-0d2da8ffa43a,default
c43b7586-7aa1-4cf7-9318-aacb5a3a4f0e,default
12466469-a5c0-4075-8792-1f9ae9784622,default
b952ad73-dc30-45f5-93a5-3fb752e092ed,default
9914a1fc-61a3-43eb-89f6-5525e08f88ee,default
d7ea198c-bf53-4cad-b068-dc5877c64229,default
cd312ae9-6fca-4d1f-ac35-695c3c48c3bf,default
572db554-b816-4bf4-93ed-624bcdda2c39,default
5b71a8ec-9ef2-4f09-a61c-d1f5017ac697,default
d10f85d2-ae75-483e-9d84-2eeafbc07a88,default
0251c7ba-da9e-4e7e-981d-d3b57d336981,vaccine
33259963-6feb-48d6-b29d-d313936cdbb3,vaccine
cb27d04b-b5a3-4b1c-b3f5-e4912f217eba,vaccine
30f45eb1-7d68-4962-8927-60f989f78af3,vaccine
bb81110c-7a94-4ac3-9bd5-67184160259d,vaccine
54d6f74f-2d10-4d69-92ff-31da53c16b46,vaccine
b7c4800e-5955-45df-8a4f-4f260f00d493,vaccine
0198a03d-d138-489d-a1f4-3c4a1719b987,vaccine
afbd8835-9264-4602-87a4-41f5a752da82,vaccine
b9c8ba9b-91ec-4908-9c68-ecbd579036eb,container
df396885-aba2-40dc-bfc2-212be35eb9d2,container
eea1399c-b99d-4e8a-af86-6a8062978bd9,container
82801936-acf5-47c7-8712-3d518479c941,default
375127ec-0ac9-4b91-9111-7f1d2bbbd0ac,default
50b7b60f-8ac6-42fe-a74f-bbf8b4e2b570,vaccine
c55bcbff-166e-4486-85e8-0f06acf978fe,vaccine
9f4336d5-e1da-47f6-bdc1-2470672ca1ef,vaccine
d18c1b6e-9961-4106-801d-28ce4a71bd47,vaccine
915ecc5c-87ff-425e-ac64-45c831b6672b,vaccine
843457e4-0de6-46c4-aa8a-5df5d00aaa8f,vaccine
22011f6f-1b25-42cd-aedf-e5e92efa186b,vaccine
a3d9fd8a-27a6-4288-93d3-92f941885e5d,vaccine
c05d4177-8844-48f8-94fb-3ecf6b3fb1cc,vaccine
d4d15162-5718-4f8d-942a-b8b85f3f78e4,container
d88a3cd4-271a-49d3-961a-fbef88a74e4c,container
7dea5bc1-daf4-4c82-a447-d9393822c4fc,container
b9c10903-dad3-47b6-b6e5-21dd9d232ad8,default
d97e2d8d-7d0f-47f7-87d5-28ff55f9364c,default
73d9e5ae-dae2-4578-8952-746cc62067a0,vaccine
3722add3-32f4-4b3a-bdd5-ca036ac73624,vaccine